id,relleno,detalle,plaza,precio
265221,ESPUMA C150,ECOLOGICO NOTEX,1 1/2,
26515L,ESPUMA D=30,DRILL,1,"S/.1.195,00"
2125023101,POCKET,ANTISTRESS,2,"S/.1.695,00"
265581,ESPUMA C150,ECOLOGICO NOTEX EST,KING,"S/.2.630,00"
2126030201,POCKET,OXYGEN,QUEEN,"S/.2.195,00"
265222,ESPUMA C150,ECOLOGICO POLIALGODON,1 1/2,
26516K,ESPUMA C400,ZENTRIX X,1,"S/.1.190,00"
26534F,ESPUMA C400,GEMINIS JACKARD,2,"S/.1.690,00"
265226,ESPUMA C200,DIAGONAL POLIALGODON,1 1/2,
458196,RESORTE,OMEGA PT,1,"S/.1.185,00"
265A29,ESPUMA C200,SUPER FOAM JACKARD,2,"S/.1.685,00"
265223,ESPUMA C200,DORMIDITA NOTEX,1 1/2,
4122041101,POCKET,SIMMONS SWEET SLEEPER EVERNU,1,"S/.1.180,00"
2125040101,POCKET,SIMMONS BEAUTYSLEEP,2,"S/.1.680,00"
265225,ESPUMA C200,DORMIDITA POLIALGODON ACOLCHADO,1 1/2,
2115020691,RESORTE,5 ESTRELLAS,2,"S/.1.680,00"
2112030601,RESORTE,OZONO,1,"S/.1.180,00"
265224,ESPUMA C200,DORMIDITA POLIALGODON,1 1/2,
284196,RESORTE,TECHNODREAM ENERGY,1,"S/.1.170,00"
2915010004,RESORTE,PRINCE,2,"S/.1.680,00"
265228,ESPUMA C200,SUPER FOAM DRILL,1 1/2,
2112020601,RESORTE,5 ESTRELLAS,1,"S/.1.160,00"
2115031091,RESORTE,XEON,2,"S/.1.675,00"
265528,ESPUMA C200,SUPER FOAM DRILL,KING,"S/.2.640,00"
26548J,ESPUMA C500,COOL MAX SUMMER,QUEEN,"S/.2.190,00"
213006,RESORTE,ACQUA VARIOS,2,"S/.1.670,00"
265229,ESPUMA C200,SUPER FOAM JACKARD,1 1/2,
2132020101,ESPUMA C500,ANTISTRESS,1,"S/.1.160,00"
267012,RESORTE,POOH,CUNA,"S/.695,00"
265529,ESPUMA C200,SUPER FOAM JACKARD,KING,"S/.2.365,00"
2136011602,ESPUMA C400,SUPER FOAM POLIALGODON,QUEEN,"S/.2.185,00"
265227,ESPUMA C200,SUPER FOAM POLIALGODON,1 1/2,
267126,RESORTE,FLORENCIA,1,"S/.1.155,00"
284344,RESORTE,HOTELERO 5 ESTRELLAS,2,"S/.1.665,00"
265527,ESPUMA C200,SUPER FOAM POLIALGODON,KING,"S/.2.540,00"
4916040010,POCKET,SIMMONS FOUR POINTS EUROTOP SHERATON,QUEEN,"S/.2.180,00"
26524I,ESPUMA C300,CONTIFLEX DRILL X,1 1/2,
2112030801,RESORTE,QUANTUM,1,"S/.1.155,00"
26524F,ESPUMA C400,GEMINIS JACKARD,1 1/2,
284126,RESORTE,PRATO,1,"S/.1.150,00"
2125040801,POCKET,SIMMONS BEAUTYREST WORLD CLASS,2,"S/.1.660,00"
26554F,ESPUMA C400,GEMINIS JACKARD,KING,"S/.2.260,00"
2126020191,POCKET,VENTUS,QUEEN,"S/.2.180,00"
267047,RESORTE,ANTARES,CUNA,"S/.690,00"
26522B,ESPUMA C400,SUPER FOAM DRILL,1 1/2,
2132023703,ESPUMA C500,TERRA COTTON,1,"S/.1.150,00"
267321,RESORTE,BARI,2,"S/.1.660,00"
4916040018,RESORTE,SIMMONS - TRUE ENERGY ADVANCE,QUEEN,"S/.2.180,00"
2137011601,ESPUMA C400,SUPER FOAM DRILL X,KING,"S/.2.535,00"
26522C,ESPUMA C400,SUPER FOAM JACKARD,1 1/2,
267121,RESORTE,BARI,1,"S/.1.145,00"
267342,RESORTE,SEVILLA,2,"S/.1.660,00"
26552C,ESPUMA C400,SUPER FOAM JACKARD,KING,"S/.2.510,00"
2844A4,RESORTE,ACQUA CIRCULACION,QUEEN,"S/.2.170,00"
26522A,ESPUMA C400,SUPER FOAM POLIALGODON,1 1/2,
26512C,ESPUMA C400,SUPER FOAM JACKARD,1,"S/.1.140,00"
2125022191,POCKET,HOTEL CONCEPT,2,"S/.1.655,00"
26552A,ESPUMA C400,SUPER FOAM POLIALGODON,KING,"S/.2.685,00"
458496,RESORTE,OMEGA PT,QUEEN,"S/.2.165,00"
26514F,ESPUMA C400,GEMINIS JACKARD,1,"S/.1.140,00"
26527H,ESPUMA C400,TOP FLEX JACKARD X,1 1/2,
2125041401,POCKET,SIMMONS HYDE PARK PLUSH,2,"S/.1.655,00"
284109,RESORTE,AYLLU TAMBO,1,"S/.1.130,00"
284341,RESORTE,HOTELERO 7 ESTRELLAS,2,"S/.1.655,00"
267148,RESORTE,POCKET DREAM,1,"S/.1.130,00"
2134020101,ESPUMA C500,ANTISTRESS,1 1/2,
2115020501,RESORTE,4 ESTRELLAS,2,"S/.1.650,00"
2137020101,ESPUMA C500,ANTISTRESS,KING,"S/.2.445,00"
4916040009,POCKET,SIMMONS EVIE PLUSH LUX FIRM,QUEEN,"S/.2.160,00"
26528J,ESPUMA C500,COOL MAX SUMMER,1 1/2,
458101,RESORTE,ACQUA C/POLISEDA,1,"S/.1.125,00"
26558J,ESPUMA C500,COOL MAX SUMMER,KING,"S/.2.690,00"
2844160000,RESORTE,CONTINENTAL REAL REPOSE,QUEEN,"S/.2.160,00"
2843A8,RESORTE,ACQUA CIRCULACION ADVANCE,2,"S/.1.650,00"
26522E,ESPUMA C500,ELASTIC FOAM DRILL,1 1/2,
267196,RESORTE,OMEGA PT,1,"S/.1.120,00"
284346,RESORTE,HOTELERO 3 ESTRELLAS,2,"S/.1.650,00"
267042,RESORTE,SEVILLA,CUNA,"S/.690,00"
26552E,ESPUMA C500,ELASTIC FOAM DRILL,KING,"S/.2.230,00"
458434,RESORTE,SIMMONS BEAUTYREST RECHARGE AUDRINA LUXURY FIRM,QUEEN,"S/.2.160,00"
26522D,ESPUMA C500,ELASTIC FOAM POLIALGODON,1 1/2,
26552D,ESPUMA C500,ELASTIC FOAM POLIALGODON,KING,"S/.2.335,00"
2126011101,POCKET,REPOSE,QUEEN,"S/.2.155,00"
458147,RESORTE,JACKARD GALAXY,1,"S/.1.120,00"
284302,RESORTE,POCKET RAICES CARAL,2,"S/.1.650,00"
2652BE,ESPUMA C500,HIPERSOFT DRILL,1 1/2,
2843S1,RESORTE,SIMMONS BEAUTYREST AUDRINA LUX FIRM,2,"S/.1.650,00"
4916040011,POCKET,SIMMONS HEAVENLY,QUEEN,"S/.2.155,00"
2111011591,RESORTE,SIR REPOSE,CUNA,"S/.690,00"
26527G,ESPUMA C500,OMEGA JACKARD,1 1/2,
284145,RESORTE,HOTELERO 4 ESTRELLAS,1,"S/.1.115,00"
284318,RESORTE,CONTINENTAL ACQUA REPOSE,2,"S/.1.645,00"
26554G,ESPUMA C500,OMEGA JACKARD,KING,"S/.2.565,00"
267496,RESORTE,OMEGA PT,QUEEN,"S/.2.155,00"
26526N,ESPUMA C500,TERRA COTTON,1 1/2,
284101,RESORTE,SITE,1,"S/.1.115,00"
284372,RESORTE,VISCOELASTIC POCKET PT,2,"S/.1.645,00"
26556N,ESPUMA C500,TERRA COTTON,KING,"S/.2.625,00"
2916010007,POCKET,SIPAN,QUEEN,"S/.2.150,00"
465261,ESPUMA D=22,DRILL ACC,1 1/2,
465262,ESPUMA D=22,DRILL S/ACC,1 1/2,
465281,ESPUMA D=30,DRILL ACC,1 1/2,
284143,RESORTE,ZENTRIX,1,"S/.1.110,00"
265322,ESPUMA C150,ECOLOGICO POLIALGODON,2,"S/.1.640,00"
466501,ESPUMA VISCO GEL,ICOMFORT GUIDANCE,KING,"S/.2.315,00"
2116020401,RESORTE,3 ESTRELLAS,QUEEN,"S/.2.150,00"
2843A2,RESORTE,AERO AROMATERAPIA,2,"S/.1.640,00"
4137050201,ESPUMA VISCO GEL,SERTA GUIDANCE,KING,"S/.2.395,00"
458446,RESORTE,OMEGA,QUEEN,"S/.2.150,00"
2662A3,LATEX,ACQUA CIRCULACION,1 1/2,
458395,RESORTE,TC MERCURY PT,2,"S/.1.640,00"
2147020801,LATEX,ACQUA CIRCULACION,KING,"S/.2.305,00"
2116050101,RESORTE,SERTAPEDIC WAITROSE,QUEEN,"S/.2.150,00"
2662A4,LATEX,ACQUA SPORT,1 1/2,
2115030301,RESORTE,ENERGY,2,"S/.1.635,00"
2665A4,LATEX,ACQUA SPORT,KING,"S/.2.205,00"
284495,RESORTE,TECHNODREAM OXYGEN,QUEEN,"S/.2.150,00"
266220,LATEX,ACTIPRO,1 1/2,
458325,RESORTE,SIMMONS BEAUTY REST - WESTBURY RECHARGE,2,"S/.1.635,00"
266520,LATEX,ACTIPRO,KING,"S/.2.445,00"
2844C4,RESORTE,DRIMER ALOE VERA,QUEEN,"S/.2.145,00"
2144022301,LATEX,ANTIACAROS,1 1/2,
265321,ESPUMA C150,ECOLOGICO NOTEX,2,"S/.1.630,00"
2147022301,LATEX,ANTIACAROS,KING,"S/.2.375,00"
265428,ESPUMA C200,SUPER FOAM DRILL,QUEEN,"S/.2.140,00"
266217,LATEX,CIC,1 1/2,
458197,RESORTE,JACKARD GALAXY PT,1,"S/.1.110,00"
267045,RESORTE,PREMIUN,CUNA,"S/.665,00"
266517,LATEX,CIC,KING,"S/.2.335,00"
284450,RESORTE,AERO AIRFRESH,QUEEN,"S/.2.140,00"
2125024001,POCKET,VISCO CARBON,2,"S/.1.630,00"
2144020101,LATEX,CROMO,1 1/2,
2843B8,RESORTE,HOTELERO DRIMER CONCEPT,2,"S/.1.630,00"
2147020101,LATEX,CROMO,KING,"S/.2.460,00"
2844B5,RESORTE,VISCO ANTISTRESS,QUEEN,"S/.2.140,00"
266246,LATEX,DRIMER,1 1/2,
267178,RESORTE,FIRENZE COOL MAX PT,1,"S/.1.105,00"
26537H,ESPUMA C400,TOP FLEX JACKARD X,2,"S/.1.625,00"
2911020003,NATURE EURO,SOYA BB,CUNA,"S/.645,00"
266546,LATEX,DRIMER,KING,"S/.2.595,00"
2916021801,RESORTE,GEMINIS,QUEEN,"S/.2.135,00"
2144020391,LATEX,DRIMER FOREVER YOUNG,1 1/2,
2115023601,RESORTE,TERRA BAMBOO,2,"S/.1.625,00"
2147020301,LATEX,DRIMER FOREVER YOUNG,KING,"S/.2.230,00"
267473,RESORTE,TARENTO PT,QUEEN,"S/.2.135,00"
266247,LATEX,DRIMER FUTURPEDIC,1 1/2,
2663A7,LATEX,TERRA LATEX FRESH,2,"S/.1.620,00"
266547,LATEX,DRIMER FUTURPEDIC,KING,"S/.2.565,00"
265481,ESPUMA C150,ECOLOGICO NOTEX EST,QUEEN,"S/.2.130,00"
2144020401,LATEX,DRIMER ZEN,1 1/2,
2115020401,RESORTE,3 ESTRELLAS,2,"S/.1.620,00"
2147020401,LATEX,DRIMER ZEN,KING,"S/.2.395,00"
4916040001,POCKET,SIMMONS ST. CHAPELLE,QUEEN,"S/.2.130,00"
2144020201,LATEX,ESENCIA,1 1/2,
458350,RESORTE,POCKET ICOMFORT HYBRID OBSERVER,2,"S/.1.620,00"
2147020201,LATEX,ESENCIA,KING,"S/.2.290,00"
267441,RESORTE,ORION,QUEEN,"S/.2.130,00"
2144021691,LATEX,FIAMMA THERMOCONTROL,1 1/2,
267334,RESORTE,VISCOELASTIC POCKET,2,"S/.1.620,00"
2147021601,LATEX,FIAMMA THERMOCONTROL,KING,"S/.2.490,00"
26544G,ESPUMA C500,OMEGA JACKARD,QUEEN,"S/.2.125,00"
284106,RESORTE,WARI KUELAP,1,"S/.1.100,00"
2914020092,LATEX,FIRM,1 1/2,
2914020003,NATURE EURO,SOYA SOFT,2,"S/.1.615,00"
267011,RESORTE,MICKEY,CUNA,"S/.645,00"
2917020005,LATEX,FIRM,KING,"S/.2.340,00"
2126023191,POCKET,ANTISTRESS,QUEEN,"S/.2.120,00"
2665AK,LATEX,FLEXICUP,KING,"S/.2.535,00"
4126041801,POCKET,SIMMONS SWEET SLEEPER EURO SHERATON,QUEEN,"S/.2.120,00"
2914020013,LATEX,FUTURPEDIC,1 1/2,
2125040901,POCKET,SIMMONS BEAUTYREST WORLD CLASS PT,2,"S/.1.615,00"
2917020006,LATEX,FUTURPEDIC,KING,"S/.2.295,00"
267425,RESORTE,SAN REMO,QUEEN,"S/.2.120,00"
266232,LATEX,RIZZOLI,1 1/2,
2112020401,RESORTE,3 ESTRELLAS,1,"S/.1.100,00"
267377,RESORTE,FIRENZE ALOE VERA PT,2,"S/.1.615,00"
26504C,ESPUMA C400,SUPER FOAM,CUNA,"S/.640,00"
266532,LATEX,RIZZOLI,KING,"S/.2.460,00"
2916010002,POCKET,CARAL,QUEEN,"S/.2.115,00"
2144022601,LATEX,SILHOUETTE,1 1/2,
2147022601,LATEX,SILHOUETTE,KING,"S/.2.605,00"
4126041201,POCKET,SIMMONS FELICITY RECHARGE,QUEEN,"S/.2.115,00"
266274,LATEX,SILVER,1 1/2,
2915020095,RESORTE,POCKET DREAM,2,"S/.1.615,00"
266574,LATEX,SILVER,KING,"S/.2.470,00"
284444,RESORTE,HOTELERO 5 ESTRELLAS,QUEEN,"S/.2.115,00"
2662A7,LATEX,TERRA LATEX FRESH,1 1/2,
2115050101,RESORTE,SERTAPEDIC WAITROSE,2,"S/.1.615,00"
2665A7,LATEX,TERRA LATEX FRESH,KING,"S/.2.420,00"
2916210001,RESORTE,SAN MARINO PT,QUEEN,"S/.2.115,00"
284310,RESORTE,AYLLU URPI,2,"S/.1.610,00"
266046,LATEX,DRIMER,CUNA,"S/.635,00"
267308,RESORTE,BAVENO,2,"S/.1.610,00"
284313,RESORTE,INTERMEDIO OUTLET,2,"S/.1.610,00"
2115022201,RESORTE,LATEX ACTIPRO,2,"S/.1.610,00"
2124020401,POCKET,ACQUA VISCO,1 1/2,
458348,RESORTE,POLISEDA GALAXY,2,"S/.1.610,00"
2127020401,POCKET,ACQUA VISCO,KING,"S/.2.290,00"
2844S4,RESORTE,SIMMONS BEAUTYREST PT AUDRINA LUX FIRM,QUEEN,"S/.2.115,00"
2124020991,POCKET,ACTIPRO,1 1/2,
266347,LATEX,DRIMER FUTURPEDIC,2,"S/.1.605,00"
2127020901,POCKET,ACTIPRO,KING,"S/.2.250,00"
267405,RESORTE,BELLISIMA AKTUAL,QUEEN,"S/.2.110,00"
2124021091,POCKET,AERO AIRFRESH,1 1/2,
2843080002,RESORTE,DRIMER GEMINIS,2,"S/.1.605,00"
2127021001,POCKET,AERO AIRFRESH,KING,"S/.2.585,00"
2844170000,RESORTE,CONTINENTAL REPOSE,QUEEN,"S/.2.110,00"
2124020501,POCKET,AERO LATEX,1 1/2,
2125040491,POCKET,SIMMONS BEAUTYREST FELICITY,2,"S/.1.600,00"
4915010001,RESORTE,ACQUA C/POLISEDA,2,"S/.1.600,00"
2127020501,POCKET,AERO LATEX,KING,"S/.2.585,00"
2844B6,RESORTE,POCKET ANTISTRESS,QUEEN,"S/.2.110,00"
2124023191,POCKET,ANTISTRESS,1 1/2,
284345,RESORTE,HOTELERO 4 ESTRELLAS,2,"S/.1.600,00"
2127023101,POCKET,ANTISTRESS,KING,"S/.2.585,00"
267447,RESORTE,POCKET LATEX,QUEEN,"S/.2.110,00"
2124020301,POCKET,BOTANIA,1 1/2,
2115030891,RESORTE,QUANTUM,2,"S/.1.600,00"
2127020301,POCKET,BOTANIA,KING,"S/.2.620,00"
2844B4,RESORTE,SILVER,QUEEN,"S/.2.110,00"
2914010010,POCKET,CARAL,1 1/2,
2115040101,RESORTE,SIMMONS BEAUTYSLEEP,2,"S/.1.600,00"
2917010001,POCKET,CARAL,KING,"S/.2.435,00"
266432,LATEX,RIZZOLI,QUEEN,"S/.2.105,00"
2124030701,POCKET,DREAM,1 1/2,
466301,ESPUMA VISCO GEL,ICOMFORT GUIDANCE,2,"S/.1.595,00"
2127030701,POCKET,DREAM,KING,"S/.2.615,00"
2844A7,RESORTE,FIAMMA THERMOCONTROL,QUEEN,"S/.2.105,00"
2124030491,POCKET,GRAVITY,1 1/2,
2125020101,POCKET,VENTUS,2,"S/.1.595,00"
2127030491,POCKET,GRAVITY,KING,"S/.2.325,00"
2126040791,POCKET,SIMMONS BEAUTYREST RECHARGE PT,QUEEN,"S/.2.100,00"
2124022101,POCKET,HOTEL CONCEPT,1 1/2,
2115020201,RESORTE,MANTRA,2,"S/.1.590,00"
2127022101,POCKET,HOTEL CONCEPT,KING,"S/.2.495,00"
2126030101,POCKET,VISCO,QUEEN,"S/.2.100,00"
2124022401,POCKET,LATEX BAMBOO,1 1/2,
458346,RESORTE,OMEGA,2,"S/.1.590,00"
2127022401,POCKET,LATEX BAMBOO,KING,"S/.2.515,00"
267446,RESORTE,OMEGA,QUEEN,"S/.2.100,00"
2127022501,POCKET,LATEX FLEXICUP,KING,"S/.2.525,00"
458424,RESORTE,SIMMONS BEAUTY REST - FELICITY RECHARGE,QUEEN,"S/.2.100,00"
2914020014,POCKET,LATEX SILVER,1 1/2,
2843B4,RESORTE,SILVER,2,"S/.1.590,00"
2917020007,POCKET,LATEX SILVER,KING,"S/.2.410,00"
2116023601,RESORTE,TERRA BAMBOO,QUEEN,"S/.2.100,00"
2914010012,POCKET,NAZCA,1 1/2,
2915020012,LATEX,FUTURPEDIC,2,"S/.1.585,00"
2917010003,POCKET,NAZCA,KING,"S/.2.325,00"
2146020101,LATEX,CROMO,QUEEN,"S/.2.095,00"
2124030201,POCKET,OXYGEN,1 1/2,
266332,LATEX,RIZZOLI,2,"S/.1.585,00"
4126041501,POCKET,SIMMONS LUXURY COLLECTION TOP,QUEEN,"S/.2.095,00"
2124023201,POCKET,PREMIUM POCKET,1 1/2,
266374,LATEX,SILVER,2,"S/.1.585,00"
2127023201,POCKET,PREMIUM POCKET,KING,"S/.2.535,00"
284404,RESORTE,POCKET RAICES NAZCA,QUEEN,"S/.2.090,00"
2124023301,POCKET,PRO RUNNER ACTIBIO,1 1/2,
2125030101,POCKET,VISCO,2,"S/.1.585,00"
2127023391,POCKET,PRO RUNNER ACTIBIO,KING,"S/.2.695,00"
267401,RESORTE,PRINCE,QUEEN,"S/.2.090,00"
2124023401,POCKET,PRO RUNNER OXYGEL,1 1/2,
2915010098,RESORTE,RUNA,2,"S/.1.585,00"
2127023401,POCKET,PRO RUNNER OXYGEL,KING,"S/.2.260,00"
458435,RESORTE,SIMMONS BR RECHARGE AUDRINA LUXURY P/T,QUEEN,"S/.2.090,00"
2124020201,POCKET,PURE FRESH,1 1/2,
267373,RESORTE,TARENTO PT,2,"S/.1.585,00"
2127020201,POCKET,PURE FRESH,KING,"S/.2.455,00"
2126020901,POCKET,ACTIPRO,QUEEN,"S/.2.085,00"
2124011101,POCKET,REPOSE,KING,"S/.2.215,00"
2126021001,POCKET,AERO AIRFRESH,QUEEN,"S/.2.085,00"
2843C3,RESORTE,QUBO ALOE VERA,2,"S/.1.580,00"
4127050301,POCKET,SERTA HYBRID OBSERVER,KING,"S/.2.380,00"
2126020501,POCKET,AERO LATEX,QUEEN,"S/.2.085,00"
458329,RESORTE,SIMMONS BEAUTY REST - SHERATON SWEET SLEEPER EURO,2,"S/.1.580,00"
2127050101,POCKET,SERTA PERFECT SLEEPER KLEINMON PT,KING,"S/.2.655,00"
2126041001,POCKET,SIMMONS NIGHTFALL RECHARGE PT,QUEEN,"S/.2.085,00"
284304,RESORTE,POCKET RAICES NAZCA,2,"S/.1.575,00"
2127050201,POCKET,SERTA PERFECT SLEEPER WESBOROUGH PT,KING,"S/.2.555,00"
2844S1,RESORTE,SIMMONS BEAUTYREST AUDRINA LUX FIRM,QUEEN,"S/.2.085,00"
4127040201,POCKET,SIMMONS ALOFT ET WITH EVERNU,KING,"S/.2.475,00"
267422,RESORTE,VESUBIO,QUEEN,"S/.2.085,00"
458430,RESORTE,SIMMONS BEAUTY REST - HARMONY HILTON,QUEEN,"S/.2.080,00"
2844S3,RESORTE,SIMMONS HYBRID MARLEE PLUSH,QUEEN,"S/.2.080,00"
267442,RESORTE,SEVILLA,QUEEN,"S/.2.075,00"
2915023901,RESORTE,TERRA SOYAMBOO,2,"S/.1.575,00"
2127040301,POCKET,SIMMONS BEAUTYREST CHAPELLE PLUSH,KING,"S/.2.380,00"
2126041101,POCKET,SIMMONS BEAUTYREST SILVER PT,QUEEN,"S/.2.070,00"
2125040591,POCKET,SIMMONS BEAUTYREST HYBRID,2,"S/.1.570,00"
2127040491,POCKET,SIMMONS BEAUTYREST FELICITY,KING,"S/.2.460,00"
458450,RESORTE,POCKET ICOMFORT HYBRID OBSERVER,QUEEN,"S/.2.070,00"
458397,RESORTE,JACKARD GALAXY PT,2,"S/.1.570,00"
2127040501,POCKET,SIMMONS BEAUTYREST HYBRID,KING,"S/.2.245,00"
284403,RESORTE,POCKET RAICES SIPAN,QUEEN,"S/.2.070,00"
467301,RESORTE,MIRACOIL HILTON SUITE DREAMS,2,"S/.1.570,00"
2127040201,POCKET,SIMMONS BEAUTYREST PLATINUM PT,KING,"S/.2.225,00"
458423,RESORTE,SIMMONS BEAUTY REST - BLACK GABRIELA,QUEEN,"S/.2.070,00"
2915010003,RESORTE,PT,2,"S/.1.570,00"
2127040601,POCKET,SIMMONS BEAUTYREST RECHARGE,KING,"S/.2.400,00"
458432,RESORTE,SIMMONS HOSPITALITY FOUR POINTS SHERATON EUROTOP,QUEEN,"S/.2.070,00"
458326,RESORTE,SIMMONS BEAUTY REST - RECHARGE,2,"S/.1.570,00"
2127040791,POCKET,SIMMONS BEAUTYREST RECHARGE PT,KING,"S/.2.250,00"
2844C1,RESORTE,TERRA LATEX ALOE VERA,QUEEN,"S/.2.070,00"
2843S5,RESORTE,SIMMONS WORLD CLASS PT JAELYN LUX FIRM,2,"S/.1.570,00"
2127041101,POCKET,SIMMONS BEAUTYREST SILVER PT,KING,"S/.2.350,00"
2136021901,ESPUMA C500,HIPERSOFT DRILL,QUEEN,"S/.2.065,00"
2915010021,RESORTE,URPI,2,"S/.1.570,00"
2127040801,POCKET,SIMMONS BEAUTYREST WORLD CLASS,KING,"S/.2.265,00"
2146020301,LATEX,DRIMER FOREVER YOUNG,QUEEN,"S/.2.065,00"
284306,RESORTE,WARI KUELAP,2,"S/.1.570,00"
2127040901,POCKET,SIMMONS BEAUTYREST WORLD CLASS PT,KING,"S/.2.505,00"
267479,RESORTE,FIRENZE ANTISTRESS PT,QUEEN,"S/.2.065,00"
26535A,ESPUMA C400,SUPER FOAM POLIALGODON,2,"S/.1.565,00"
2127040101,POCKET,SIMMONS BEAUTYSLEEP,KING,"S/.2.330,00"
267443,RESORTE,GEMINIS,QUEEN,"S/.2.065,00"
4127040401,POCKET,SIMMONS BLACK NAPA PT,KING,"S/.2.600,00"
2916020093,RESORTE,NATURE EURO SOYA POCKET,QUEEN,"S/.2.065,00"
4917040002,POCKET,SIMMONS EVIE PLUSH LUX FIRM,KING,"S/.2.570,00"
4917040092,POCKET,SIMMONS EVIE PLUSH LUX FIRM,KING,"S/.2.485,00"
4126041401,POCKET,SIMMONS HYDE PARK PLUSH,QUEEN,"S/.2.060,00"
4127041201,POCKET,SIMMONS FELICITY RECHARGE,KING,"S/.2.355,00"
2116021101,RESORTE,DRIMER FRESH,QUEEN,"S/.2.060,00"
4126050301,POCKET,SERTA HYBRID OBSERVER,QUEEN,"S/.2.055,00"
4917040003,POCKET,SIMMONS FOUR POINTS SHERATON,KING,"S/.2.420,00"
2145020801,LATEX,ACQUA CIRCULACION,2,"S/.1.565,00"
4127041302,POCKET,SIMMONS HARMONY HILTON,KING,"S/.2.400,00"
2116024891,RESORTE,DRIMER TENCEL,QUEEN,"S/.2.050,00"
4917040004,POCKET,SIMMONS HEAVENLY,KING,"S/.2.660,00"
284405,RESORTE,WARI PARACAS,QUEEN,"S/.2.050,00"
4917040005,POCKET,SIMMONS HEAVENLY EVERNU WESTIN,KING,"S/.2.615,00"
458428,RESORTE,SIMMONS BEAUTY REST - HEAVENLY,QUEEN,"S/.2.045,00"
265427,ESPUMA C200,SUPER FOAM POLIALGODON,QUEEN,"S/.2.040,00"
2843620002,RESORTE,DRIMER OMEGA,2,"S/.1.565,00"
4127041401,POCKET,SIMMONS HYDE PARK PLUSH,KING,"S/.2.680,00"
458437,RESORTE,SIMMONS BR RECHARGE WORLD CLASS JAELYN LUX P/T,QUEEN,"S/.2.040,00"
267494,RESORTE,VALENCIA PT,QUEEN,"S/.2.040,00"
26542B,ESPUMA C400,SUPER FOAM DRILL,QUEEN,"S/.2.035,00"
2115030391,RESORTE,ENERGY,2,"S/.1.565,00"
4127041501,POCKET,SIMMONS LUXURY COLLECTION TOP,KING,"S/.2.430,00"
2916020010,LATEX,FIRM,QUEEN,"S/.2.035,00"
4127041601,POCKET,SIMMONS LUXURY COLLECTION TOP V/2,KING,"S/.2.655,00"
4127040501,POCKET,SIMMONS NIGHTFALL PT,KING,"S/.2.200,00"
2915020004,RESORTE,GEMINIS PT,2,"S/.1.565,00"
2127041001,POCKET,SIMMONS NIGHTFALL RECHARGE PT,KING,"S/.2.235,00"
2916010004,POCKET,NAZCA,QUEEN,"S/.2.035,00"
4915040003,POCKET,SIMMONS SLEEP PLUSH,2,"S/.1.560,00"
2116030691,RESORTE,OZONO,QUEEN,"S/.2.035,00"
284314,RESORTE,CONTINENTAL SIR REPOSE,2,"S/.1.560,00"
4127041801,POCKET,SIMMONS SWEET SLEEPER EURO SHERATON,KING,"S/.2.560,00"
2916020005,RESORTE,TERRA ALOE VERA,QUEEN,"S/.2.030,00"
2841B7,RESORTE,TERRA BAMBOO,1,"S/.1.095,00"
2914010017,POCKET,SIPAN,1 1/2,
2125022401,POCKET,LATEX BAMBOO,2,"S/.1.555,00"
2917010005,POCKET,SIPAN,KING,"S/.2.285,00"
2126022401,POCKET,LATEX BAMBOO,QUEEN,"S/.2.025,00"
2124020101,POCKET,VENTUS,1 1/2,
284343,RESORTE,TECHNODREAM ZENTRIX,2,"S/.1.555,00"
2127020191,POCKET,VENTUS,KING,"S/.2.215,00"
267480,RESORTE,FIRENZE VISCOELASTIC,QUEEN,"S/.2.025,00"
2124030101,POCKET,VISCO,1 1/2,
2843C4,RESORTE,DRIMER ALOE VERA,2,"S/.1.550,00"
267426,RESORTE,FLORENCIA,QUEEN,"S/.2.025,00"
2124024091,POCKET,VISCO CARBON,1 1/2,
284397,RESORTE,TECHNODREAM FIT,2,"S/.1.550,00"
2127024001,POCKET,VISCO CARBON,KING,"S/.2.595,00"
284452,RESORTE,NATURE EURO SOYA POCKET,QUEEN,"S/.2.025,00"
267143,RESORTE,GEMINIS,1,"S/.1.095,00"
2114020401,RESORTE,3 ESTRELLAS,1 1/2,
2115030901,RESORTE,QUBO ANTISTRESS,2,"S/.1.545,00"
2117020401,RESORTE,3 ESTRELLAS,KING,"S/.2.585,00"
2844C2,RESORTE,AERO LATEX BAMBOO,QUEEN,"S/.2.020,00"
458148,RESORTE,POLISEDA GALAXY,1,"S/.1.085,00"
2114020501,RESORTE,4 ESTRELLAS,1 1/2,
265323,ESPUMA C200,DORMIDITA NOTEX,2,"S/.1.540,00"
2117020501,RESORTE,4 ESTRELLAS,KING,"S/.2.630,00"
267492,RESORTE,SEVILLA PT,QUEEN,"S/.2.020,00"
2841A3,RESORTE,QUBO ANTISTRESS,1,"S/.1.085,00"
2114020691,RESORTE,5 ESTRELLAS,1 1/2,
4915040004,RESORTE,SIMMONS - TRUE ENERGY ADVANCE,2,"S/.1.540,00"
2117020601,RESORTE,5 ESTRELLAS,KING,"S/.2.620,00"
2126022101,POCKET,HOTEL CONCEPT,QUEEN,"S/.2.015,00"
458201,RESORTE,ACQUA C/POLISEDA,1 1/2,
2912020003,LATEX,FIRM,1,"S/.1.085,00"
2915010020,RESORTE,TAMBO,2,"S/.1.540,00"
2842A4,RESORTE,ACQUA CIRCULACION,1 1/2,
265324,ESPUMA C200,DORMIDITA POLIALGODON,2,"S/.1.535,00"
2845A4,RESORTE,ACQUA CIRCULACION,KING,"S/.2.650,00"
2116021501,RESORTE,DRIMER ACTIBIO,QUEEN,"S/.2.015,00"
2842A8,RESORTE,ACQUA CIRCULACION ADVANCE,1 1/2,
2145020101,LATEX,CROMO,2,"S/.1.535,00"
2845A8,RESORTE,ACQUA CIRCULACION ADVANCE,KING,"S/.2.680,00"
26542C,ESPUMA C400,SUPER FOAM JACKARD,QUEEN,"S/.2.010,00"
2842B2,RESORTE,ACQUA CIRCULACION II,1 1/2,
2125020591,POCKET,AERO LATEX,2,"S/.1.535,00"
2845B2,RESORTE,ACQUA CIRCULACION II,KING,"S/.2.600,00"
2116020691,RESORTE,5 ESTRELLAS,QUEEN,"S/.2.010,00"
2114010601,RESORTE,ACQUA REPOSE,1 1/2,
267317,RESORTE,IKASA SILVER SPRING,2,"S/.1.535,00"
4914010001,RESORTE,ACQUA VARIOS,1 1/2,
2843S4,RESORTE,SIMMONS BEAUTYREST PT AUDRINA LUX FIRM,2,"S/.1.530,00"
2842A1,RESORTE,ACQUA VISCOELASTIC,1 1/2,
2125020901,POCKET,ACTIPRO,2,"S/.1.525,00"
2845A1,RESORTE,ACQUA VISCOELASTIC,KING,"S/.2.220,00"
2126040291,POCKET,SIMMONS BEAUTYREST PLATINUM PT,QUEEN,"S/.2.005,00"
2842B3,RESORTE,ACTIPRO,1 1/2,
2115024801,RESORTE,DRIMER TENCEL,2,"S/.1.525,00"
2845B3,RESORTE,ACTIPRO,KING,"S/.2.650,00"
2844C6,RESORTE,DRIMER ANTISTRESS,QUEEN,"S/.2.005,00"
284250,RESORTE,AERO AIRFRESH,1 1/2,
2843C5,RESORTE,DRIMER VISCO CARBON,2,"S/.1.525,00"
284550,RESORTE,AERO AIRFRESH,KING,"S/.2.480,00"
2844A3,RESORTE,QUBO ANTISTRESS,QUEEN,"S/.2.005,00"
2842A9,RESORTE,AERO AIRFRESH ADVANCE,1 1/2,
2115021801,RESORTE,GEMINIS,2,"S/.1.525,00"
2845A9,RESORTE,AERO AIRFRESH ADVANCE,KING,"S/.2.510,00"
2116020701,RESORTE,INTENSO,QUEEN,"S/.2.000,00"
2842A2,RESORTE,AERO AROMATERAPIA,1 1/2,
2115021301,RESORTE,ANTARES,2,"S/.1.520,00"
2845A2,RESORTE,AERO AROMATERAPIA,KING,"S/.2.670,00"
267453,RESORTE,REAL PT,QUEEN,"S/.2.000,00"
2842C2,RESORTE,AERO LATEX BAMBOO,1 1/2,
284303,RESORTE,POCKET RAICES SIPAN,2,"S/.1.520,00"
2845C2,RESORTE,AERO LATEX BAMBOO,KING,"S/.2.240,00"
284424,RESORTE,TRAVEL EXTRA HOTELERO IGNIFUGO,QUEEN,"S/.2.000,00"
267181,RESORTE,ZENNA PT,1,"S/.1.085,00"
2114021201,RESORTE,ALOE VERA,1 1/2,
2125020401,POCKET,ACQUA VISCO,2,"S/.1.515,00"
2117021201,RESORTE,ALOE VERA,KING,"S/.2.350,00"
2126030491,POCKET,GRAVITY,QUEEN,"S/.1.995,00"
2912010001,RESORTE,MOCHE,1,"S/.1.070,00"
2114021301,RESORTE,ANTARES,1 1/2,
458305,RESORTE,CIC PILOU,2,"S/.1.515,00"
2117021391,RESORTE,ANTARES,KING,"S/.2.430,00"
2844C5,RESORTE,DRIMER VISCO CARBON,QUEEN,"S/.1.995,00"
267021,RESORTE,BARI,CUNA,"S/.635,00"
458241,RESORTE,ATOM,1 1/2,
26512E,ESPUMA C500,ELASTIC FOAM DRILL,1,"S/.1.065,00"
265328,ESPUMA C200,SUPER FOAM DRILL,2,"S/.1.510,00"
2115010601,RESORTE,ACQUA REPOSE,2,"S/.1.510,00"
284211,RESORTE,AYLLU APU,1 1/2,
2915010022,RESORTE,VICUS,2,"S/.1.510,00"
284262,RESORTE,AYLLU QUIPU,1 1/2,
2125050201,POCKET,SERTA PERFECT SLEEPER WESBOROUGH PT,2,"S/.1.505,00"
267001,RESORTE,PRINCE,CUNA,"S/.595,00"
284209,RESORTE,AYLLU TAMBO,1 1/2,
26512B,ESPUMA C400,SUPER FOAM DRILL,1,"S/.1.065,00"
284316,RESORTE,CONTINENTAL REAL REPOSE,2,"S/.1.505,00"
284210,RESORTE,AYLLU URPI,1 1/2,
2112010701,RESORTE,ATOM,1,"S/.1.060,00"
2114020101,RESORTE,BACK THERAPY,1 1/2,
267391,RESORTE,ORION PT,2,"S/.1.505,00"
2117020101,RESORTE,BACK THERAPY,KING,"S/.2.260,00"
267454,RESORTE,PT,QUEEN,"S/.1.995,00"
267221,RESORTE,BARI,1 1/2,
2112021801,RESORTE,GEMINIS,1,"S/.1.055,00"
284374,RESORTE,FIRENZE HR,2,"S/.1.500,00"
2111023701,RESORTE,TERRA COTTON,CUNA,"S/.595,00"
267521,RESORTE,BARI,KING,"S/.2.640,00"
2844S5,RESORTE,SIMMONS WORLD CLASS PT JAELYN LUX FIRM,QUEEN,"S/.1.995,00"
265125,ESPUMA C200,DORMIDITA POLIALGODON ACOLCHADO,1,"S/.1.040,00"
2914010004,RESORTE,BAVENO,1 1/2,
2915010015,RESORTE,PARACAS,2,"S/.1.500,00"
267205,RESORTE,BELLISIMA AKTUAL,1 1/2,
265128,ESPUMA C200,SUPER FOAM DRILL,1,"S/.1.035,00"
2915010002,RESORTE,SITE,2,"S/.1.500,00"
267505,RESORTE,BELLISIMA AKTUAL,KING,"S/.2.405,00"
2146020201,LATEX,ESENCIA,QUEEN,"S/.1.990,00"
284193,RESORTE,TECHNODREAM OZONO,1,"S/.1.035,00"
2114030101,RESORTE,BREEZE,1 1/2,
267339,RESORTE,VENETTO,2,"S/.1.500,00"
458205,RESORTE,CIC PILOU,1 1/2,
465283,OXYGEL,BLUEPULSE,2,"S/.1.495,00"
284218,RESORTE,CONTINENTAL ACQUA REPOSE,1 1/2,
2843930002,RESORTE,DRIMER ANTARES,2,"S/.1.495,00"
284215,RESORTE,CONTINENTAL LORD REPOSE,1 1/2,
458396,RESORTE,OMEGA PT,2,"S/.1.495,00"
284402,RESORTE,POCKET RAICES CARAL,QUEEN,"S/.1.990,00"
284216,RESORTE,CONTINENTAL REAL REPOSE,1 1/2,
458321,RESORTE,SIMMONS BEAUTY REST - TRUE ENERGY ADVANCE,2,"S/.1.495,00"
2845160000,RESORTE,CONTINENTAL REAL REPOSE,KING,"S/.2.280,00"
458426,RESORTE,SIMMONS BEAUTY REST - RECHARGE,QUEEN,"S/.1.990,00"
284217,RESORTE,CONTINENTAL REPOSE,1 1/2,
2845170000,RESORTE,CONTINENTAL REPOSE,KING,"S/.2.520,00"
2126040891,POCKET,SIMMONS BEAUTYREST WORLD CLASS,QUEEN,"S/.1.985,00"
284214,RESORTE,CONTINENTAL SIR REPOSE,1 1/2,
2915020007,RESORTE,TERRA COTTON FRESH,2,"S/.1.495,00"
2114030201,RESORTE,COOL,1 1/2,
267036,RESORTE,X DM2 C/TELA COOL MAX (TIPO VESUBIO),2,"S/.1.495,00"
458431,RESORTE,SIMMONS BEAUTYREST HYDE PFIBRA PLUSH,QUEEN,"S/.1.985,00"
267256,RESORTE,DESPERTARES,1 1/2,
2145022301,LATEX,ANTIACAROS,2,"S/.1.490,00"
267556,RESORTE,DESPERTARES,KING,"S/.2.225,00"
2116020501,RESORTE,4 ESTRELLAS,QUEEN,"S/.1.980,00"
2112030101,RESORTE,BREEZE,1,"S/.1.035,00"
458202,RESORTE,DI BIANCO,1 1/2,
284146,RESORTE,HOTELERO 3 ESTRELLAS,1,"S/.1.025,00"
2115011201,RESORTE,LORD REPOSE,2,"S/.1.490,00"
213027,RESORTE,DI BIANCO VARIOS,1 1/2,
2915010016,RESORTE,QUIPU,2,"S/.1.490,00"
267211,RESORTE,DISNEY MICKEY,1 1/2,
267213,RESORTE,DISNEY POWER RANGER,1 1/2,
267214,RESORTE,DISNEY PRINCESITAS,1 1/2,
267212,RESORTE,DISNEY WINNIE POOH,1 1/2,
2114021501,RESORTE,DRIMER ACTIBIO,1 1/2,
2125040201,POCKET,SIMMONS BEAUTYREST PLATINUM PT,2,"S/.1.485,00"
2117021501,RESORTE,DRIMER ACTIBIO,KING,"S/.2.250,00"
2126050101,POCKET,SERTA PERFECT SLEEPER KLEINMON PT,QUEEN,"S/.1.975,00"
2842C4,RESORTE,DRIMER ALOE VERA,1 1/2,
267107,RESORTE,VERDUM,1,"S/.1.020,00"
2115050201,RESORTE,SERTAPEDIC NEW WAITROSE,2,"S/.1.485,00"
2845C4,RESORTE,DRIMER ALOE VERA,KING,"S/.2.395,00"
458439,RESORTE,SIMMONS BEAUTYREST BLACK EVIE PLUSH LUX FIRM,QUEEN,"S/.1.975,00"
2842930002,RESORTE,DRIMER ANTARES,1 1/2,
2843B2,RESORTE,ACQUA CIRCULACION II,2,"S/.1.480,00"
2845930002,RESORTE,DRIMER ANTARES,KING,"S/.2.390,00"
2146022601,LATEX,SILHOUETTE,QUEEN,"S/.1.970,00"
2842C6,RESORTE,DRIMER ANTISTRESS,1 1/2,
2915020013,POCKET,LATEX SILVER,2,"S/.1.475,00"
2845C6,RESORTE,DRIMER ANTISTRESS,KING,"S/.2.610,00"
267434,RESORTE,VISCOELASTIC POCKET,QUEEN,"S/.1.970,00"
2114021101,RESORTE,DRIMER FRESH,1 1/2,
2114021191,RESORTE,DRIMER FRESH,1 1/2,
267374,RESORTE,SAN MARINO PT,2,"S/.1.475,00"
2117021101,RESORTE,DRIMER FRESH,KING,"S/.2.265,00"
2916020013,RESORTE,NATURE EURO SOYA POCKET,QUEEN,"S/.1.965,00"
2842960002,RESORTE,DRIMER GALAXY,1 1/2,
2145020401,LATEX,DRIMER ZEN,2,"S/.1.470,00"
2845960002,RESORTE,DRIMER GALAXY,KING,"S/.2.660,00"
266417,LATEX,CIC,QUEEN,"S/.1.960,00"
2842080002,RESORTE,DRIMER GEMINIS,1 1/2,
458399,RESORTE,TC POLUX,2,"S/.1.470,00"
2845080002,RESORTE,DRIMER GEMINIS,KING,"S/.2.610,00"
2916020011,LATEX,FUTURPEDIC,QUEEN,"S/.1.960,00"
2124024801,RESORTE,DRIMER LATEX TENCEL,1 1/2,
267333,RESORTE,ZENNA POCKET 1,2,"S/.1.470,00"
2127024891,RESORTE,DRIMER LATEX TENCEL,KING,"S/.2.400,00"
4126040201,POCKET,SIMMONS ALOFT ET WITH EVERNU,QUEEN,"S/.1.960,00"
2842620002,RESORTE,DRIMER OMEGA,1 1/2,
267343,RESORTE,GEMINIS,2,"S/.1.465,00"
267245,RESORTE,DRIMER PREMIUM POCKET,1 1/2,
2115031101,RESORTE,ZENTRIX,2,"S/.1.465,00"
2842C8,RESORTE,DRIMER PRO RUNNER ACTIBIO,1 1/2,
2135000001,ESPUMA C500,TERRA COTTON,2,"S/.1.460,00"
2845C8,RESORTE,DRIMER PRO RUNNER ACTIBIO,KING,"S/.2.325,00"
2126023391,POCKET,PRO RUNNER ACTIBIO,QUEEN,"S/.1.955,00"
2842C7,RESORTE,DRIMER PRO RUNNER OXYGEL,1 1/2,
2145020301,LATEX,DRIMER FOREVER YOUNG,2,"S/.1.460,00"
2845C7,RESORTE,DRIMER PRO RUNNER OXYGEL,KING,"S/.2.515,00"
2116011301,RESORTE,REAL REPOSE,QUEEN,"S/.1.950,00"
2114024801,RESORTE,DRIMER TENCEL,1 1/2,
2125030201,POCKET,OXYGEN,2,"S/.1.460,00"
2117024801,RESORTE,DRIMER TENCEL,KING,"S/.2.645,00"
2136020101,ESPUMA C500,ANTISTRESS,QUEEN,"S/.1.945,00"
2842C5,RESORTE,DRIMER VISCO CARBON,1 1/2,
2843A3,RESORTE,TECHNODREAM QUBO ANTISTRESS,2,"S/.1.460,00"
2845C5,RESORTE,DRIMER VISCO CARBON,KING,"S/.2.420,00"
2664A4,LATEX,ACQUA SPORT,QUEEN,"S/.1.945,00"
458243,RESORTE,DRIMER ZENTRIX,1 1/2,
284141,RESORTE,HOTELERO 7 ESTRELLAS,1,"S/.1.015,00"
267322,RESORTE,VESUBIO,2,"S/.1.460,00"
2915010010,POCKET,CARAL,2,"S/.1.455,00"
267191,RESORTE,ORION PT,1,"S/.1.015,00"
2114030301,RESORTE,ENERGY,1 1/2,
284305,RESORTE,WARI PARACAS,2,"S/.1.455,00"
2115020801,RESORTE,PLAYA,2,"S/.1.450,00"
2117030391,RESORTE,ENERGY,KING,"S/.2.505,00"
284446,RESORTE,HOTELERO 3 ESTRELLAS,QUEEN,"S/.1.945,00"
284249,RESORTE,FIAMMA ANTISTRESS,1 1/2,
267102,RESORTE,NATURE,1,"S/.1.010,00"
2915010006,RESORTE,VESUBIO,2,"S/.1.450,00"
284549,RESORTE,FIAMMA ANTISTRESS,KING,"S/.2.560,00"
284491,RESORTE,QUANTUM,QUEEN,"S/.1.945,00"
2842A5,RESORTE,FIAMMA IGNIFUGO,1 1/2,
284195,RESORTE,TECHNODREAM OXYGEN,1,"S/.1.010,00"
265327,ESPUMA C200,SUPER FOAM POLIALGODON,2,"S/.1.445,00"
2845A5,RESORTE,FIAMMA IGNIFUGO,KING,"S/.2.420,00"
2844C7,RESORTE,DRIMER PRO RUNNER OXYGEL,QUEEN,"S/.1.940,00"
267108,RESORTE,BAVENO,1,"S/.1.005,00"
2842A7,RESORTE,FIAMMA THERMOCONTROL,1 1/2,
2132010906,ESPUMA C500,ELASTIC FOAM POLIALGODON,2,"S/.1.445,00"
2845A7,RESORTE,FIAMMA THERMOCONTROL,KING,"S/.2.280,00"
2116020391,RESORTE,FUTUREPEDIC,QUEEN,"S/.1.940,00"
267277,RESORTE,FIRENZE ALOE VERA PT,1 1/2,
2112021301,RESORTE,ANTARES,1,"S/.995,00"
2843A5,RESORTE,FIAMMA IGNIFUGO,2,"S/.1.445,00"
267577,RESORTE,FIRENZE ALOE VERA PT,KING,"S/.2.245,00"
2126020301,POCKET,BOTANIA,QUEEN,"S/.1.935,00"
267279,RESORTE,FIRENZE ANTISTRESS PT,1 1/2,
26513A,ESPUMA C400,SUPER FOAM POLIALGODON,1,"S/.990,00"
267396,RESORTE,OMEGA PT,2,"S/.1.445,00"
267579,RESORTE,FIRENZE ANTISTRESS PT,KING,"S/.2.320,00"
2116020201,RESORTE,MANTRA,QUEEN,"S/.1.935,00"
267278,RESORTE,FIRENZE COOL MAX PT,1 1/2,
267192,RESORTE,SEVILLA PT,1,"S/.985,00"
2115021501,RESORTE,DRIMER ACTIBIO,2,"S/.1.440,00"
267578,RESORTE,FIRENZE COOL MAX PT,KING,"S/.2.440,00"
2916010006,RESORTE,RUNA,QUEEN,"S/.1.935,00"
284273,RESORTE,FIRENZE FRESH,1 1/2,
267194,RESORTE,VALENCIA PT,1,"S/.980,00"
458343,RESORTE,DRIMER ZENTRIX,2,"S/.1.440,00"
284573,RESORTE,FIRENZE FRESH,KING,"S/.2.550,00"
4126041391,POCKET,SIMMONS HARMONY HILTON,QUEEN,"S/.1.930,00"
284274,RESORTE,FIRENZE HR,1 1/2,
26559M,NATURE EURO,SOYA,2,"S/.1.435,00"
284574,RESORTE,FIRENZE HR,KING,"S/.2.495,00"
2844A1,RESORTE,ACQUA VISCOELASTIC,QUEEN,"S/.1.930,00"
267280,RESORTE,FIRENZE VISCOELASTIC,1 1/2,
26513D,ESPUMA C500,ELASTIC FOAM POLIALGODON,1,"S/.975,00"
267326,RESORTE,FLORENCIA,2,"S/.1.435,00"
267580,RESORTE,FIRENZE VISCOELASTIC,KING,"S/.2.215,00"
284494,RESORTE,TECHNODREAM GRAVITY,QUEEN,"S/.1.930,00"
2914030002,RESORTE,FIT,1 1/2,
2843B6,RESORTE,POCKET ANTISTRESS,2,"S/.1.435,00"
267226,RESORTE,FLORENCIA,1 1/2,
267156,RESORTE,DESPERTARES PT,1,"S/.970,00"
284308,RESORTE,WARI VICUS,2,"S/.1.435,00"
267526,RESORTE,FLORENCIA,KING,"S/.2.215,00"
2916210002,RESORTE,ZENNA,QUEEN,"S/.1.925,00"
2114020391,RESORTE,FUTUREPEDIC,1 1/2,
4125041301,POCKET,SIMMONS HARMONY HILTON,2,"S/.1.430,00"
2117020391,RESORTE,FUTUREPEDIC,KING,"S/.2.410,00"
266474,LATEX,SILVER,QUEEN,"S/.1.920,00"
267145,RESORTE,PREMIUM,1,"S/.960,00"
2114021701,RESORTE,GALAXY,1 1/2,
284350,RESORTE,AERO AIRFRESH,2,"S/.1.430,00"
2917021701,RESORTE,GALAXY,KING,"S/.2.605,00"
2126040101,POCKET,SIMMONS BEAUTYSLEEP,QUEEN,"S/.1.920,00"
267125,RESORTE,SAN REMO,1,"S/.960,00"
2114021891,RESORTE,GEMINIS,1 1/2,
458322,RESORTE,SIMMONS BEAUTY SLEEP - PLUSH,2,"S/.1.430,00"
266032,LATEX,RIZZOLI,CUNA,"S/.585,00"
2917021801,RESORTE,GEMINIS,KING,"S/.2.420,00"
2844930002,RESORTE,DRIMER ANTARES,QUEEN,"S/.1.920,00"
267243,RESORTE,GEMINIS,1 1/2,
284125,RESORTE,TRAVEL HOTELERO STANDARD IGNIFUGO,1,"S/.960,00"
284393,RESORTE,TECHNODREAM OZONO,2,"S/.1.425,00"
2111021801,RESORTE,GEMINIS,CUNA,"S/.565,00"
267543,RESORTE,GEMINIS,KING,"S/.2.565,00"
2844960002,RESORTE,DRIMER GALAXY,QUEEN,"S/.1.920,00"
267293,RESORTE,GEMINIS PT,1 1/2,
26516K0002,ESPUMA C400,DRIMER OMEGA,1,"S/.955,00"
2843B5,RESORTE,VISCO ANTISTRESS,2,"S/.1.425,00"
267593,RESORTE,GEMINIS PT,KING,"S/.2.325,00"
267477,RESORTE,FIRENZE ALOE VERA PT,QUEEN,"S/.1.920,00"
284246,RESORTE,HOTELERO 3 ESTRELLAS,1 1/2,
267101,RESORTE,PRINCE,1,"S/.945,00"
2145020201,LATEX,ESENCIA,2,"S/.1.420,00"
284546,RESORTE,HOTELERO 3 ESTRELLAS,KING,"S/.2.220,00"
267445,RESORTE,PREMIUM,QUEEN,"S/.1.920,00"
284245,RESORTE,HOTELERO 4 ESTRELLAS,1 1/2,
284108,RESORTE,WARI VICUS,1,"S/.945,00"
2125040791,POCKET,SIMMONS BEAUTYREST RECHARGE PT,2,"S/.1.420,00"
284545,RESORTE,HOTELERO 4 ESTRELLAS,KING,"S/.2.410,00"
2844B8,RESORTE,HOTELERO DRIMER CONCEPT,QUEEN,"S/.1.915,00"
284244,RESORTE,HOTELERO 5 ESTRELLAS,1 1/2,
267141,RESORTE,ORION,1,"S/.935,00"
284315,RESORTE,CONTINENTAL LORD REPOSE,2,"S/.1.420,00"
284544,RESORTE,HOTELERO 5 ESTRELLAS,KING,"S/.2.525,00"
2126022501,POCKET,LATEX FLEXICUP,QUEEN,"S/.1.910,00"
284241,RESORTE,HOTELERO 7 ESTRELLAS,1 1/2,
266117,LATEX,CIC,1,"S/.930,00"
2115030201,RESORTE,COOL,2,"S/.1.420,00"
284541,RESORTE,HOTELERO 7 ESTRELLAS,KING,"S/.2.525,00"
2844A5,RESORTE,FIAMMA IGNIFUGO,QUEEN,"S/.1.910,00"
2842B8,RESORTE,HOTELERO DRIMER CONCEPT,1 1/2,
2125024801,RESORTE,DRIMER LATEX TENCEL,2,"S/.1.420,00"
2845B8,RESORTE,HOTELERO DRIMER CONCEPT,KING,"S/.2.440,00"
284474,RESORTE,FIRENZE HR,QUEEN,"S/.1.910,00"
284240,RESORTE,IBIZA,1 1/2,
267122,RESORTE,VESUBIO,1,"S/.930,00"
2115030501,RESORTE,NEO,2,"S/.1.420,00"
266017,LATEX,CIC,CUNA,"S/.560,00"
284540,RESORTE,IBIZA,KING,"S/.2.240,00"
284445,RESORTE,HOTELERO 4 ESTRELLAS,QUEEN,"S/.1.910,00"
2911010001,RESORTE,TAMBO,CUNA,"S/.540,00"
267046,RESORTE,OMEGA,CUNA,"S/.535,00"
267216,RESORTE,IKASA GOLDEN SPRING,1 1/2,
267378,RESORTE,FIRENZE COOL MAX PT,2,"S/.1.415,00"
267217,RESORTE,IKASA SILVER SPRING,1 1/2,
2125021091,POCKET,AERO AIRFRESH,2,"S/.1.410,00"
2114020701,RESORTE,INTENSO,1 1/2,
2843960002,RESORTE,DRIMER GALAXY,2,"S/.1.410,00"
2117020701,RESORTE,INTENSO,KING,"S/.2.635,00"
2117020791,RESORTE,INTENSO,KING,"S/.2.565,00"
284441,RESORTE,HOTELERO 7 ESTRELLAS,QUEEN,"S/.1.910,00"
2843C7,RESORTE,DRIMER PRO RUNNER OXYGEL,2,"S/.1.410,00"
2131011001,ESPUMA C200,SUPER FOAM JACKARD,CUNA,"S/.530,00"
458247,RESORTE,JACKARD GALAXY,1 1/2,
267153,RESORTE,REAL PT,1,"S/.920,00"
2843A7,RESORTE,FIAMMA THERMOCONTROL,2,"S/.1.410,00"
267146,RESORTE,OMEGA,1,"S/.920,00"
458297,RESORTE,JACKARD GALAXY PT,1 1/2,
267379,RESORTE,FIRENZE ANTISTRESS PT,2,"S/.1.410,00"
2114022201,RESORTE,LATEX ACTIPRO,1 1/2,
284399,RESORTE,TECHNODREAM COOL,2,"S/.1.410,00"
2117022201,RESORTE,LATEX ACTIPRO,KING,"S/.2.375,00"
284406,RESORTE,WARI KUELAP,QUEEN,"S/.1.910,00"
2114011201,RESORTE,LORD REPOSE,1 1/2,
2843C2,RESORTE,AERO LATEX BAMBOO,2,"S/.1.405,00"
2844A9,RESORTE,AERO AIRFRESH ADVANCE,QUEEN,"S/.1.905,00"
2114020291,RESORTE,MANTRA,1 1/2,
2125023401,POCKET,PRO RUNNER OXYGEL,2,"S/.1.400,00"
2117020201,RESORTE,MANTRA,KING,"S/.2.445,00"
4916040005,POCKET,SIMMONS BACK CARE NON FLIP,QUEEN,"S/.1.900,00"
267013,RESORTE,POWER RANGER,CUNA,"S/.530,00"
267043,RESORTE,GEMINIS,CUNA,"S/.525,00"
2125041101,POCKET,SIMMONS BEAUTYREST SILVER PT,2,"S/.1.400,00"
467501,RESORTE,MIRACOIL HILTON SUITE DREAMS,KING,"S/.2.410,00"
267305,RESORTE,BELLISIMA AKTUAL,2,"S/.1.400,00"
2912010004,RESORTE,VICUS,1,"S/.920,00"
2914010011,RESORTE,MOCHE,1 1/2,
2135020101,ESPUMA C500,ANTISTRESS,2,"S/.1.395,00"
2917010002,RESORTE,MOCHE,KING,"S/.2.615,00"
4126040401,POCKET,SIMMONS BLACK NAPA PT,QUEEN,"S/.1.900,00"
267202,RESORTE,NATURE,1 1/2,
267193,RESORTE,GEMINIS PT,1,"S/.910,00"
2663A4,LATEX,ACQUA SPORT,2,"S/.1.395,00"
267502,RESORTE,NATURE,KING,"S/.2.410,00"
2116030291,RESORTE,COOL,QUEEN,"S/.1.900,00"
284252,RESORTE,NATURE EURO SOYA POCKET,1 1/2,
2917020098,RESORTE,NATURE EURO SOYA POCKET,KING,"S/.2.415,00"
466401,ESPUMA VISCO GEL,ICOMFORT GUIDANCE,QUEEN,"S/.1.895,00"
266447,LATEX,DRIMER FUTURPEDIC,QUEEN,"S/.1.895,00"
2116020101,RESORTE,BACK THERAPY,QUEEN,"S/.1.895,00"
2114030501,RESORTE,NEO,1 1/2,
284362,RESORTE,AYLLU QUIPU,2,"S/.1.395,00"
458246,RESORTE,OMEGA,1 1/2,
265123,ESPUMA C200,DORMIDITA NOTEX,1,"S/.905,00"
284309,RESORTE,AYLLU TAMBO,2,"S/.1.390,00"
458546,RESORTE,OMEGA,KING,"S/.2.225,00"
267421,RESORTE,BARI,QUEEN,"S/.1.890,00"
267546,RESORTE,OMEGA,KING,"S/.2.500,00"
2911020002,LATEX,FIRM,CUNA,"S/.510,00"
2126020201,POCKET,PURE FRESH,QUEEN,"S/.1.880,00"
267246,RESORTE,OMEGA,1 1/2,
26514G,ESPUMA C500,OMEGA JACKARD,1,"S/.900,00"
2125030401,POCKET,GRAVITY,2,"S/.1.380,00"
458296,RESORTE,OMEGA PT,1 1/2,
266132,LATEX,RIZZOLI,1,"S/.900,00"
2915010012,POCKET,NAZCA,2,"S/.1.380,00"
458596,RESORTE,OMEGA PT,KING,"S/.2.370,00"
2126050201,POCKET,SERTA PERFECT SLEEPER WESBOROUGH PT,QUEEN,"S/.1.880,00"
267596,RESORTE,OMEGA PT,KING,"S/.2.235,00"
266420,LATEX,ACTIPRO,QUEEN,"S/.1.875,00"
267296,RESORTE,OMEGA PT,1 1/2,
265126,ESPUMA C200,DIAGONAL POLIALGODON,1,"S/.900,00"
2135021901,ESPUMA C500,HIPERSOFT DRILL,2,"S/.1.375,00"
267241,RESORTE,ORION,1 1/2,
2841A5-1,RESORTE,FIAMMA IGNIFUGO II,1,"S/.895,00"
2915020090,RESORTE,FIAMMA ANTISTRESS,2,"S/.1.375,00"
284040-2,RESORTE,IBIZA III,CUNA,"S/.505,00"
267541,RESORTE,ORION,KING,"S/.2.435,00"
267493,RESORTE,GEMINIS PT,QUEEN,"S/.1.875,00"
267291,RESORTE,ORION PT,1 1/2,
265122,ESPUMA C150,ECOLOGICO POLIALGODON,1,"S/.895,00"
2115030601,RESORTE,OZONO,2,"S/.1.375,00"
267591,RESORTE,ORION PT,KING,"S/.2.315,00"
2844B1,RESORTE,QUBO COOL MAX,QUEEN,"S/.1.875,00"
2914030003,RESORTE,OXYGEN,1 1/2,
2917030001,RESORTE,OXYGEN,KING,"S/.2.245,00"
284451,RESORTE,TERRA COTTON FRESH,QUEEN,"S/.1.875,00"
26512A,ESPUMA C400,SUPER FOAM POLIALGODON X,1,"S/.895,00"
2114030601,RESORTE,OZONO,1 1/2,
2843S2,RESORTE,SIMMONS WORLD CLASS JAELYN LUX FIRM,2,"S/.1.375,00"
2117030691,RESORTE,OZONO,KING,"S/.2.525,00"
2116022201,RESORTE,LATEX ACTIPRO,QUEEN,"S/.1.870,00"
2914010013,RESORTE,PARACAS,1 1/2,
267380,RESORTE,FIRENZE VISCOELASTIC,2,"S/.1.370,00"
2917010004,RESORTE,PARACAS,KING,"S/.2.465,00"
284463,RESORTE,WARI RUNA,QUEEN,"S/.1.870,00"
2114020801,RESORTE,PLAYA,1 1/2,
284394,RESORTE,TECHNODREAM GRAVITY,2,"S/.1.370,00"
2842B6,RESORTE,POCKET ANTISTRESS,1 1/2,
265326,ESPUMA C200,DIAGONAL POLIALGODON,2,"S/.1.365,00"
2845B6,RESORTE,POCKET ANTISTRESS,KING,"S/.2.565,00"
265429,ESPUMA C200,SUPER FOAM JACKARD,QUEEN,"S/.1.865,00"
267248,RESORTE,POCKET DREAM,1 1/2,
265121,ESPUMA C150,ECOLOGICO NOTEX,1,"S/.890,00"
4195053501,RESORTE,MIRACOIL SERTA SUITE DREAMS HILTON,2,"S/.1.365,00"
267548,RESORTE,POCKET DREAM,KING,"S/.2.650,00"
458420,RESORTE,POCKET SIMMONS ST. CHAPELLE,QUEEN,"S/.1.865,00"
2843C1,RESORTE,TERRA LATEX ALOE VERA,2,"S/.1.360,00"
458550,RESORTE,POCKET ICOMFORT HYBRID OBSERVER,KING,"S/.2.600,00"
2126040901,POCKET,SIMMONS BEAUTYREST WORLD CLASS PT,QUEEN,"S/.1.855,00"
267247,RESORTE,POCKET LATEX,1 1/2,
2125040601,POCKET,SIMMONS BEAUTYREST RECHARGE,2,"S/.1.355,00"
267547,RESORTE,POCKET LATEX,KING,"S/.2.665,00"
2126040401,POCKET,SIMMONS BEAUTYREST FELICITY,QUEEN,"S/.1.850,00"
284202,RESORTE,POCKET RAICES CARAL,1 1/2,
4125050301,POCKET,SERTA HYBRID OBSERVER,2,"S/.1.350,00"
284502,RESORTE,POCKET RAICES CARAL,KING,"S/.2.655,00"
2844B2,RESORTE,ACQUA CIRCULACION II,QUEEN,"S/.1.850,00"
284204,RESORTE,POCKET RAICES NAZCA,1 1/2,
2843B3,RESORTE,ACTIPRO,2,"S/.1.350,00"
284504,RESORTE,POCKET RAICES NAZCA,KING,"S/.2.630,00"
2916010005,RESORTE,PARACAS,QUEEN,"S/.1.850,00"
284203,RESORTE,POCKET RAICES SIPAN,1 1/2,
2115020791,RESORTE,INTENSO,2,"S/.1.350,00"
284503,RESORTE,POCKET RAICES SIPAN,KING,"S/.2.255,00"
284426,RESORTE,PRATO,QUEEN,"S/.1.850,00"
267451,RESORTE,PRINCE PT,QUEEN,"S/.1.850,00"
267249,RESORTE,POCKET VISCO,1 1/2,
267302,RESORTE,NATURE,2,"S/.1.350,00"
267549,RESORTE,POCKET VISCO,KING,"S/.2.270,00"
2664AC,LATEX,FIAMMA THERMOCONTROL,QUEEN,"S/.1.840,00"
458248,RESORTE,POLISEDA GALAXY,1 1/2,
284144,RESORTE,HOTELERO 5 ESTRELLAS,1,"S/.880,00"
267346,RESORTE,OMEGA,2,"S/.1.350,00"
458298,RESORTE,POLISEDA PT,1 1/2,
284324,RESORTE,TRAVEL EXTRA HOTELERO IGNIFUGO,2,"S/.1.345,00"
284040-1,RESORTE,IBIZA II,CUNA,"S/.495,00"
267014,RESORTE,MICKEY PRINCESITAS,CUNA,"S/.475,00"
2112040001,RESORTE,SIMMONS HOTELERO CAMA AUXILIAR,1,"S/.880,00"
284226,RESORTE,PRATO,1 1/2,
266317,LATEX,CONTINENTAL,2,"S/.1.340,00"
2116040101,RESORTE,SIMMONS BEAUTYSLEEP,QUEEN,"S/.1.840,00"
284526,RESORTE,PRATO,KING,"S/.2.535,00"
267180,RESORTE,FIRENZE VISCOELASTIC,1,"S/.875,00"
267545,RESORTE,PREMIUM,KING,"S/.2.350,00"
26542D,ESPUMA C500,ELASTIC FOAM POLIALGODON,QUEEN,"S/.1.835,00"
2131010901,ESPUMA C500,ELASTIC FOAM DRILL,CUNA,"S/.465,00"
265127,ESPUMA C200,SUPER FOAM POLIALGODON,1,"S/.865,00"
2914010006,RESORTE,PRINCE,1 1/2,
267392,RESORTE,SEVILLA PT,2,"S/.1.340,00"
267041,RESORTE,ORION,CUNA,"S/.460,00"
267501,RESORTE,PRINCE,KING,"S/.2.610,00"
2146022301,LATEX,ANTIACAROS,QUEEN,"S/.1.835,00"
267251,RESORTE,PRINCE PT,1 1/2,
2912010002,RESORTE,TAMBO,1,"S/.855,00"
265A2C,ESPUMA C400,SUPER FOAM JACKARD,2,"S/.1.335,00"
267551,RESORTE,PRINCE PT,KING,"S/.2.305,00"
2126040601,POCKET,SIMMONS BEAUTYREST RECHARGE,QUEEN,"S/.1.830,00"
267254,RESORTE,PT,1 1/2,
284149,RESORTE,FIAMMA ANTISTRESS,1,"S/.850,00"
26534G,ESPUMA C500,OMEGA JACKARD,2,"S/.1.335,00"
267554,RESORTE,PT,KING,"S/.2.570,00"
2916020015,RESORTE,SILVER,QUEEN,"S/.1.830,00"
284291,RESORTE,QUANTUM,1 1/2,
267177,RESORTE,FIRENZE ALOE VERA PT,1,"S/.850,00"
2125040301,POCKET,SIMMONS BEAUTYREST CHAPELLE PLUSH,2,"S/.1.330,00"
2917030801,RESORTE,QUANTUM,KING,"S/.2.610,00"
2126030701,POCKET,DREAM,QUEEN,"S/.1.825,00"
2842C3,RESORTE,QUBO ALOE VERA,1 1/2,
267349,RESORTE,POCKET VISCO,2,"S/.1.330,00"
2916020012,POCKET,LATEX SILVER,QUEEN,"S/.1.825,00"
267179,RESORTE,FIRENZE ANTISTRESS PT,1,"S/.840,00"
2114030901,RESORTE,QUBO ANTISTRESS,1 1/2,
26523M,NATURE EURO,SOYA TOPPER,2,"S/.1.325,00"
2117030901,RESORTE,QUBO ANTISTRESS,KING,"S/.2.490,00"
267456,RESORTE,DESPERTARES,QUEEN,"S/.1.825,00"
2842B1,RESORTE,QUBO COOL MAX,1 1/2,
2125020501,POCKET,AERO LATEX,2,"S/.1.325,00"
2845B1,RESORTE,QUBO COOL MAX,KING,"S/.2.590,00"
267478,RESORTE,FIRENZE COOL MAX PT,QUEEN,"S/.1.825,00"
2914010014,RESORTE,QUIPU,1 1/2,
2115030101,RESORTE,BREEZE,2,"S/.1.325,00"
267253,RESORTE,REAL PT,1 1/2,
284151,RESORTE,TERRA COTTON FRESH,1,"S/.835,00"
267345,RESORTE,DRIMER PREMIUM POCKET,2,"S/.1.325,00"
267553,RESORTE,REAL PT,KING,"S/.2.570,00"
284407,RESORTE,WARI MOCHE,QUEEN,"S/.1.825,00"
2114011301,RESORTE,REAL REPOSE,1 1/2,
284396,RESORTE,TECHNODREAM ENERGY,2,"S/.1.325,00"
2117011301,RESORTE,REAL REPOSE,KING,"S/.2.365,00"
2844C8,RESORTE,DRIMER PRO RUNNER ACTIBIO,QUEEN,"S/.1.820,00"
2914010016,RESORTE,RUNA,1 1/2,
213028,RESORTE,DI BIANCO VARIOS,2,"S/.1.320,00"
284447,RESORTE,TERRA COTTON,QUEEN,"S/.1.820,00"
284147,RESORTE,TERRA COTTON,1,"S/.835,00"
2914210009,RESORTE,SAN MARINO PT,1 1/2,
2843S3,RESORTE,SIMMONS HYBRID MARLEE PLUSH,2,"S/.1.320,00"
267574,RESORTE,SAN MARINO PT,KING,"S/.2.210,00"
284442,RESORTE,XEON,QUEEN,"S/.1.820,00"
267225,RESORTE,SAN REMO,1 1/2,
2841A6,RESORTE,TERRA SOYAMBOO,1,"S/.830,00"
284395,RESORTE,TECHNODREAM OXYGEN,2,"S/.1.320,00"
267525,RESORTE,SAN REMO,KING,"S/.2.350,00"
26548N,ESPUMA C500,TERRA COTTON,QUEEN,"S/.1.815,00"
2115020901,RESORTE,TERRA,2,"S/.1.320,00"
2117050201,RESORTE,SERTAPEDIC NEW WAITROSE,KING,"S/.2.420,00"
2916010003,RESORTE,MOCHE,QUEEN,"S/.1.815,00"
2114050101,RESORTE,SERTAPEDIC WAITROSE,1 1/2,
284363,RESORTE,WARI RUNA,2,"S/.1.320,00"
2117050101,RESORTE,SERTAPEDIC WAITROSE,KING,"S/.2.590,00"
458433,RESORTE,SIMMONS BEAUTY REST - HEAVENLY EVERNU WESTIN,QUEEN,"S/.1.810,00"
267242,RESORTE,SEVILLA,1 1/2,
284192,RESORTE,TECHNODREAM BREEZE,1,"S/.825,00"
2131000001,ESPUMA C420,TELA,2,"S/.1.315,00"
2131020001,ESPUMA C500,IMPERMEABLE,CUNA,"S/.440,00"
267542,RESORTE,SEVILLA,KING,"S/.2.350,00"
2844S2,RESORTE,SIMMONS WORLD CLASS JAELYN LUX FIRM,QUEEN,"S/.1.810,00"
267292,RESORTE,SEVILLA PT,1 1/2,
2912010003,RESORTE,URPI,1,"S/.825,00"
2115020391,RESORTE,FUTUREPEDIC,2,"S/.1.315,00"
267592,RESORTE,SEVILLA PT,KING,"S/.2.495,00"
284408,RESORTE,WARI VICUS,QUEEN,"S/.1.810,00"
2914020016,RESORTE,SILVER,1 1/2,
267307,RESORTE,VERDUM,2,"S/.1.315,00"
2917020009,RESORTE,SILVER,KING,"S/.2.445,00"
2845B4,RESORTE,SILVER,KING,"S/.2.210,00"
4136050291,ESPUMA VISCO GEL,SERTA GUIDANCE,QUEEN,"S/.1.805,00"
267448,RESORTE,POCKET DREAM,QUEEN,"S/.1.805,00"
2844S6,RESORTE,SIMMONS BEAUTYREST FELICITY,QUEEN,"S/.1.800,00"
284493,RESORTE,TECHNODREAM OZONO,QUEEN,"S/.1.800,00"
2843B1,RESORTE,QUBO COOL MAX,2,"S/.1.310,00"
458327,RESORTE,SIMMONS BEAUTY REST - SIGNATURE RECHARGE,2,"S/.1.310,00"
2664AK,LATEX,FLEXICUP,QUEEN,"S/.1.795,00"
284398,RESORTE,TECHNODREAM NEO,2,"S/.1.310,00"
284472,RESORTE,VISCOELASTIC POCKET PT,QUEEN,"S/.1.795,00"
458523,RESORTE,SIMMONS BEAUTY REST - BLACK GABRIELA,KING,"S/.2.505,00"
2146020491,LATEX,DRIMER ZEN,QUEEN,"S/.1.790,00"
458524,RESORTE,SIMMONS BEAUTY REST - FELICITY RECHARGE,KING,"S/.2.375,00"
2664A7,LATEX,TERRA LATEX FRESH,QUEEN,"S/.1.790,00"
458530,RESORTE,SIMMONS BEAUTY REST - HARMONY HILTON,KING,"S/.2.500,00"
4585300002,RESORTE,SIMMONS BEAUTY REST - HARMONY HILTON,KING,"S/.2.450,00"
284496,RESORTE,TECHNODREAM ENERGY,QUEEN,"S/.1.790,00"
458528,RESORTE,SIMMONS BEAUTY REST - HEAVENLY,KING,"S/.2.435,00"
267433,RESORTE,ZENNA POCKET,QUEEN,"S/.1.790,00"
458533,RESORTE,SIMMONS BEAUTY REST - HEAVENLY EVERNU WESTIN,KING,"S/.2.615,00"
4916040017,POCKET,SIMMONS JAELYN LUX P/T,QUEEN,"S/.1.785,00"
284321,RESORTE,ZENNA POCKET,2,"S/.1.310,00"
458526,RESORTE,SIMMONS BEAUTY REST - RECHARGE,KING,"S/.2.620,00"
2844A2,RESORTE,AERO AROMATERAPIA,QUEEN,"S/.1.780,00"
458532,RESORTE,SIMMONS BEAUTY REST - SHERATON FOUR POINTS,KING,"S/.2.260,00"
26538J,ESPUMA C500,COOL MAX SUMMER,2,"S/.1.305,00"
458529,RESORTE,SIMMONS BEAUTY REST - SHERATON SWEET SLEEPER EURO,KING,"S/.2.650,00"
458347,RESORTE,JACKARD GALAXY,2,"S/.1.305,00"
284348,RESORTE,TERRA ALOE VERA,2,"S/.1.305,00"
458521,RESORTE,SIMMONS BEAUTY REST - TRUE ENERGY ADVANCE,KING,"S/.2.575,00"
2844080002,RESORTE,DRIMER GEMINIS,QUEEN,"S/.1.780,00"
267325,RESORTE,SAN REMO,2,"S/.1.300,00"
458542,RESORTE,SIMMONS BEAUTY REST ALOFT ET - WITH EVERNU,KING,"S/.2.520,00"
4916040007,RESORTE,SIMMONS - BLACK GABRIELA,QUEEN,"S/.1.780,00"
2843S6,RESORTE,SIMMONS BEAUTYREST FELICITY,2,"S/.1.300,00"
458531,RESORTE,SIMMONS BEAUTY REST HYDE PFIBRA PLUSH 180 X 200,KING,"S/.2.330,00"
2915010007,RESORTE,VESUBIO II,2,"S/.1.300,00"
458541,RESORTE,SIMMONS BEAUTY REST LUXURY - COLLECTION TOP,KING,"S/.2.610,00"
4585410002,RESORTE,SIMMONS BEAUTY REST LUXURY - COLLECTION TOP V/2,KING,"S/.2.280,00"
266346,LATEX,DRIMER,2,"S/.1.295,00"
284392,RESORTE,TECHNODREAM BREEZE,2,"S/.1.295,00"
2845S1,RESORTE,SIMMONS BEAUTYREST AUDRINA LUX FIRM,KING,"S/.2.275,00"
2844A6,RESORTE,TERRA SOYAMBOO,QUEEN,"S/.1.780,00"
458539,RESORTE,SIMMONS BEAUTYREST BLACK EVIE PLUSH LUX FIRM,KING,"S/.2.680,00"
4916041701,RESORTE,SIMMONS - RECHARGE,QUEEN,"S/.1.775,00"
266320,LATEX,ACTIPRO,2,"S/.1.290,00"
2845S6,RESORTE,SIMMONS BEAUTYREST FELICITY,KING,"S/.2.200,00"
2916030002,RESORTE,OXYGEN,QUEEN,"S/.1.770,00"
284499,RESORTE,TECHNODREAM COOL,QUEEN,"S/.1.770,00"
2145021601,LATEX,FIAMMA THERMOCONTROL,2,"S/.1.290,00"
2845S4,RESORTE,SIMMONS BEAUTYREST PT AUDRINA LUX FIRM,KING,"S/.2.570,00"
2126040591,POCKET,SIMMONS BEAUTYREST HYBRID,QUEEN,"S/.1.765,00"
284415,RESORTE,CONTINENTAL LORD REPOSE,QUEEN,"S/.1.765,00"
458341,RESORTE,SIMMONS BEAUTY REST LUXURY - COLLECTION TOP,2,"S/.1.290,00"
2117040101,RESORTE,SIMMONS BEAUTYSLEEP,KING,"S/.2.600,00"
26544F,ESPUMA C400,GEMINIS JACKARD,QUEEN,"S/.1.760,00"
2126023201,POCKET,PREMIUM POCKET,QUEEN,"S/.1.760,00"
2844B3,RESORTE,ACTIPRO,QUEEN,"S/.1.760,00"
2116050201,RESORTE,SERTAPEDIC NEW WAITROSE,QUEEN,"S/.1.760,00"
267491,RESORTE,ORION PT,QUEEN,"S/.1.755,00"
458421,RESORTE,SIMMONS BEAUTY REST - TRUE ENERGY ADVANCE,QUEEN,"S/.1.755,00"
267142,RESORTE,SEVILLA,1,"S/.825,00"
2845S3,RESORTE,SIMMONS HYBRID MARLEE PLUS,KING,"S/.2.580,00"
2843C9,RESORTE,TECHNODREAM POCKET DREAM,2,"S/.1.290,00"
458442,RESORTE,SIMMONS BEAUTY REST ALOFT ET - WITH EVERNU,QUEEN,"S/.1.755,00"
4125041801,POCKET,SIMMONS SWEET SLEEPER EURO,2,"S/.1.285,00"
2845S2,RESORTE,SIMMONS WORLD CLASS JAELYN LUX FIRM,KING,"S/.2.545,00"
2126020401,POCKET,ACQUA VISCO,QUEEN,"S/.1.750,00"
2115021201,RESORTE,ALOE VERA,2,"S/.1.280,00"
2845S5,RESORTE,SIMMONS WORLD CLASS PT JAELYN LUX FIRM,KING,"S/.2.310,00"
2126040301,POCKET,SIMMONS BEAUTYREST CHAPELLE PLUSH,QUEEN,"S/.1.750,00"
2114011501,RESORTE,SIR REPOSE,1 1/2,
267356,RESORTE,DESPERTARES,2,"S/.1.280,00"
2111023601,RESORTE,TERRA BAMBOO,CUNA,"S/.435,00"
2914010009,RESORTE,SITE,1 1/2,
267151,RESORTE,PRINCE PT,1,"S/.815,00"
458398,RESORTE,POLISEDA PT,2,"S/.1.280,00"
2114021001,RESORTE,STAR WARS,1 1/2,
26518J,ESPUMA C500,COOL MAX SUMMER,1,"S/.805,00"
2914010018,RESORTE,TAMBO,1 1/2,
2115011501,RESORTE,SIR REPOSE,2,"S/.1.280,00"
284009,RESORTE,AYLLU TAMBO,CUNA,"S/.430,00"
267273,RESORTE,TARENTO PT,1 1/2,
267173,RESORTE,TARENTO PT,1,"S/.795,00"
284326,RESORTE,PRATO,2,"S/.1.275,00"
267573,RESORTE,TARENTO PT,KING,"S/.2.490,00"
2116021301,RESORTE,ANTARES,QUEEN,"S/.1.750,00"
458245,RESORTE,TC MERCURY,1 1/2,
267316,RESORTE,IKASA GOLDEN SPRING,2,"S/.1.270,00"
458295,RESORTE,TC MERCURY PT,1 1/2,
458331,RESORTE,SIMMONS BEAUTY REST HYDE PARK PLUSH,2,"S/.1.270,00"
458249,RESORTE,TC POLISEDA ECONOMICO,1 1/2,
458299,RESORTE,TC POLUX,1 1/2,
2125050101,POCKET,SERTA PERFECT SLEEPER KLEINMON PT,2,"S/.1.265,00"
284292,RESORTE,TECHNODREAM BREEZE,1 1/2,
2112021701,RESORTE,GALAXY,1,"S/.790,00"
2115020101,RESORTE,BACK THERAPY,2,"S/.1.265,00"
284299,RESORTE,TECHNODREAM COOL,1 1/2,
265325,ESPUMA C200,DORMIDITA POLIALGODON ACOLCHADO,2,"S/.1.260,00"
4916040003,POCKET,SIMMONS AUDRINA LUXURY FIRM,QUEEN,"S/.1.745,00"
284296,RESORTE,TECHNODREAM ENERGY,1 1/2,
284140,RESORTE,IBIZA,1,"S/.790,00"
2125020301,POCKET,BOTANIA,2,"S/.1.260,00"
284596,RESORTE,TECHNODREAM ENERGY,KING,"S/.2.255,00"
2126024801,RESORTE,DRIMER LATEX TENCEL,QUEEN,"S/.1.745,00"
284297,RESORTE,TECHNODREAM FIT,1 1/2,
2843A9,RESORTE,AERO AIRFRESH ADVANCE,2,"S/.1.260,00"
284294,RESORTE,TECHNODREAM GRAVITY,1 1/2,
267347,RESORTE,POCKET LATEX,2,"S/.1.260,00"
284594,RESORTE,TECHNODREAM GRAVITY,KING,"S/.2.255,00"
267402,RESORTE,NATURE,QUEEN,"S/.1.745,00"
284298,RESORTE,TECHNODREAM NEO,1 1/2,
284340,RESORTE,IBIZA,2,"S/.1.255,00"
284295,RESORTE,TECHNODREAM OXYGEN,1 1/2,
267174,RESORTE,SAN MARINO PT,1,"S/.785,00"
267353,RESORTE,REAL PT,2,"S/.1.255,00"
284595,RESORTE,TECHNODREAM OXYGEN,KING,"S/.2.585,00"
2844A8,RESORTE,ACQUA CIRCULACION ADVANCE,QUEEN,"S/.1.740,00"
284293,RESORTE,TECHNODREAM OZONO,1 1/2,
284173,RESORTE,FIRENZE FRESH,1,"S/.780,00"
2115011301,RESORTE,REAL REPOSE,2,"S/.1.255,00"
284593,RESORTE,TECHNODREAM OZONO,KING,"S/.2.475,00"
2116021701,RESORTE,GALAXY,QUEEN,"S/.1.740,00"
2842C9,RESORTE,TECHNODREAM POCKET DREAM,1 1/2,
2915020011,LATEX,FIRM,2,"S/.1.250,00"
2842A3,RESORTE,TECHNODREAM QUBO ANTISTRESS,1 1/2,
2125020291,POCKET,PURE FRESH,2,"S/.1.250,00"
284243,RESORTE,TECHNODREAM ZENTRIX,1 1/2,
284311,RESORTE,AYLLU APU,2,"S/.1.250,00"
2125023201,POCKET,PREMIUM POCKET,2,"S/.1.245,00"
284248,RESORTE,TERRA ALOE VERA,1 1/2,
2841A5,RESORTE,FIAMMA IGNIFUGO,1,"S/.765,00"
458302,RESORTE,DI BIANCO,2,"S/.1.245,00"
284548,RESORTE,TERRA ALOE VERA,KING,"S/.2.300,00"
4916040014,POCKET,SIMMONS HYBRID MARLEE PLUSH,QUEEN,"S/.1.735,00"
2842B7,RESORTE,TERRA BAMBOO,1 1/2,
458102,RESORTE,DI BIANCO,1,"S/.765,00"
2115021701,RESORTE,GALAXY,2,"S/.1.245,00"
284040,RESORTE,IBIZA,CUNA,"S/.415,00"
2117023601,RESORTE,TERRA BAMBOO,KING,"S/.2.485,00"
2116011201,RESORTE,LORD REPOSE,QUEEN,"S/.1.735,00"
284247,RESORTE,TERRA COTTON,1 1/2,
267154,RESORTE,PT,1,"S/.760,00"
267394,RESORTE,VALENCIA PT,2,"S/.1.245,00"
458047,RESORTE,JACKARD,CUNA,"S/.405,00"
284547,RESORTE,TERRA COTTON,KING,"S/.2.615,00"
26542E,ESPUMA C500,ELASTIC FOAM DRILL,QUEEN,"S/.1.730,00"
284251,RESORTE,TERRA COTTON FRESH,1 1/2,
265129,ESPUMA C200,SUPER FOAM JACKARD,1,"S/.760,00"
2915020017,RESORTE,ACQUA VISCOELASTIC,2,"S/.1.240,00"
284551,RESORTE,TERRA COTTON FRESH,KING,"S/.2.660,00"
266446,LATEX,DRIMER,QUEEN,"S/.1.730,00"
2842C1,RESORTE,TERRA LATEX ALOE VERA,1 1/2,
284312,RESORTE,ECONOMICO OUTLET,2,"S/.1.240,00"
2845C1,RESORTE,TERRA LATEX ALOE VERA,KING,"S/.2.340,00"
4916040004,POCKET,SIMMONS AUDRINA LUXURY P/T,QUEEN,"S/.1.725,00"
2842A6,RESORTE,TERRA SOYAMBOO,1 1/2,
284127,RESORTE,TRAVEL HOTELERO ORTOPEDICO,1,"S/.760,00"
284347,RESORTE,TERRA COTTON,2,"S/.1.240,00"
2845A6,RESORTE,TERRA SOYAMBOO,KING,"S/.2.590,00"
2116021291,RESORTE,ALOE VERA,QUEEN,"S/.1.725,00"
284224,RESORTE,TRAVEL EXTRA HOTELERO IGNIFUGO,1 1/2,
2125041001,POCKET,SIMMONS NIGHTFALL RECHARGE PT,2,"S/.1.235,00"
284524,RESORTE,TRAVEL EXTRA HOTELERO IGNIFUGO,KING,"S/.2.210,00"
284440,RESORTE,IBIZA,QUEEN,"S/.1.725,00"
284107,RESORTE,WARI MOCHE,1,"S/.750,00"
284110,RESORTE,AYLLU URPI,1,"S/.750,00"
284225,RESORTE,TRAVEL HOTELERO STANDARD IGNIFUGO,1 1/2,
458143,RESORTE,DRIMER ZENTRIX,1,"S/.750,00"
2915030002,RESORTE,FIT,2,"S/.1.235,00"
265124,ESPUMA C200,DORMIDITA POLIALGODON,1,"S/.745,00"
2914010019,RESORTE,URPI,1 1/2,
284307,RESORTE,WARI MOCHE,2,"S/.1.235,00"
267294,RESORTE,VALENCIA PT,1 1/2,
267105,RESORTE,BELLISIMA AKTUAL,1,"S/.740,00"
2915210008,RESORTE,ZENNA,2,"S/.1.235,00"
267594,RESORTE,VALENCIA PT,KING,"S/.2.540,00"
2126024001,POCKET,VISCO CARBON,QUEEN,"S/.1.720,00"
2841C4,RESORTE,DRIMER ALOE VERA,1,"S/.735,00"
267239,RESORTE,VENETTO,1 1/2,
26532B,ESPUMA C400,SUPER FOAM DRILL,2,"S/.1.230,00"
458146,RESORTE,OMEGA,1,"S/.730,00"
2914010097,RESORTE,VERDUM,1 1/2,
4135050201,ESPUMA VISCO GEL,SERTA GUIDANCE,2,"S/.1.230,00"
267222,RESORTE,VESUBIO,1 1/2,
2112030301,RESORTE,ENERGY,1,"S/.730,00"
2125023391,POCKET,PRO RUNNER ACTIBIO,2,"S/.1.225,00"
2115010791,RESORTE,ATOM,2,"S/.1.225,00"
267522,RESORTE,VESUBIO,KING,"S/.2.200,00"
284473,RESORTE,FIRENZE FRESH,QUEEN,"S/.1.720,00"
284223,RESORTE,VESUBIO II,1 1/2,
284373,RESORTE,FIRENZE FRESH,2,"S/.1.225,00"
284148,RESORTE,TERRA ALOE VERA,1,"S/.725,00"
2914010020,RESORTE,VICUS,1 1/2,
2843A4,RESORTE,ACQUA CIRCULACION,2,"S/.1.220,00"
2917010006,RESORTE,VICUS,KING,"S/.2.570,00"
2126023401,POCKET,PRO RUNNER OXYGEL,QUEEN,"S/.1.715,00"
2842B5,RESORTE,VISCO ANTISTRESS,1 1/2,
2843C8,RESORTE,DRIMER PRO RUNNER ACTIBIO,2,"S/.1.220,00"
2845B5,RESORTE,VISCO ANTISTRESS,KING,"S/.2.580,00"
4916040016,POCKET,SIMMONS JAELYN LUXURY FIRM,QUEEN,"S/.1.715,00"
267234,RESORTE,VISCOELASTIC POCKET,1 1/2,
2125030701,POCKET,DREAM,2,"S/.1.215,00"
267534,RESORTE,VISCOELASTIC POCKET,KING,"S/.2.310,00"
2116030301,RESORTE,ENERGY,QUEEN,"S/.1.715,00"
284272,RESORTE,VISCOELASTIC POCKET PT,1 1/2,
2915010019,POCKET,SIPAN,2,"S/.1.215,00"
284572,RESORTE,VISCOELASTIC POCKET PT,KING,"S/.2.495,00"
284449,RESORTE,FIAMMA ANTISTRESS,QUEEN,"S/.1.715,00"
284206,RESORTE,WARI KUELAP,1 1/2,
2112020501,RESORTE,4 ESTRELLAS,1,"S/.725,00"
2843C6,RESORTE,DRIMER ANTISTRESS,2,"S/.1.215,00"
284506,RESORTE,WARI KUELAP,KING,"S/.2.635,00"
2916010008,RESORTE,VICUS,QUEEN,"S/.1.715,00"
284207,RESORTE,WARI MOCHE,1 1/2,
458103,RESORTE,TRAVEL HOTELERO,1,"S/.720,00"
2115021101,RESORTE,DRIMER FRESH,2,"S/.1.215,00"
284507,RESORTE,WARI MOCHE,KING,"S/.2.270,00"
267449,RESORTE,POCKET VISCO,QUEEN,"S/.1.710,00"
284205,RESORTE,WARI PARACAS,1 1/2,
458345,RESORTE,TC MERCURY,2,"S/.1.215,00"
284505,RESORTE,WARI PARACAS,KING,"S/.2.290,00"
2844C3,RESORTE,QUBO ALOE VERA,QUEEN,"S/.1.710,00"
284263,RESORTE,WARI RUNA,1 1/2,
2915010011,RESORTE,MOCHE,2,"S/.1.210,00"
458438,RESORTE,SIMMONS BR RECHARGE HYBRID MARLEE PLUSH,QUEEN,"S/.1.710,00"
284208,RESORTE,WARI VICUS,1 1/2,
267139,RESORTE,VENETTO,1,"S/.715,00"
267341,RESORTE,ORION,2,"S/.1.210,00"
284508,RESORTE,WARI VICUS,KING,"S/.2.430,00"
2664A3,LATEX,ACQUA CIRCULACION,QUEEN,"S/.1.705,00"
4915040002,RESORTE,SIMMONS - SIGNATURE RECHARGE,2,"S/.1.210,00"
284142,RESORTE,XEON,1,"S/.715,00"
2114031091,RESORTE,XEON,1 1/2,
26533E,ESPUMA C500,ELASTIC FOAM DRILL,2,"S/.1.205,00"
284542,RESORTE,XEON,KING,"S/.2.650,00"
4916040012,POCKET,SIMMONS HEAVENLY EVERNU WESTIN,QUEEN,"S/.1.700,00"
4125041501,POCKET,SIMMONS LUXURY COLLECTION TOP,2,"S/.1.200,00"
267581,RESORTE,ZENNA,KING,"S/.2.300,00"
458440,RESORTE,SIMMONS BACK CARE NON FLIP,QUEEN,"S/.1.700,00"
267233,RESORTE,ZENNA POCKET,1 1/2,
267351,RESORTE,PRINCE PT,2,"S/.1.200,00"
284521,RESORTE,ZENNA POCKET,KING,"S/.2.530,00"
458436,RESORTE,SIMMONS BR RECHARGE WORLD CLASS JAELYN LUXURY,QUEEN,"S/.1.700,00"
4915040005,RESORTE,SIMMONS - WESTBURY RECHARGE,2,"S/.1.200,00"
267281,RESORTE,ZENNA PT,1 1/2,
2112021201,RESORTE,ALOE VERA,1,"S/.705,00"
266146,LATEX,DRIMER,1,"S/.700,00"
2114031101,RESORTE,ZENTRIX,1 1/2,
284325,RESORTE,TRAVEL HOTELERO STANDARD IGNIFUGO,2,"S/.1.200,00"